{"cameraMode":{"drawMode":0,"name":"Shaded","section":"Shading Mode"},"sceneLighting":true,"audioPlay":false,"sceneViewState":{"showFog":true,"showMaterialUpdate":false,"showSkybox":false,"showFlares":true,"showImageEffects":true,"showParticleSystems":true},"in2DMode":false,"pivot":{"x":-2.049999713897705,"y":1.6569995880126954,"z":4.048999786376953},"rotation":{"x":-0.04138365387916565,"y":0.7924193143844605,"z":0.05500571057200432,"w":0.6061160564422607},"size":80.02074432373047,"orthographic":false}